일자,시가,고가,저가,종가,거래량,등락률,기관 합계,기타법인,개인,외국인 합계,전체,공매도,공매도비중,공매도잔고,공매도잔고비중
2026-01-14,16970,17170,16820,16920,357098,-0.5291005291005291,0.0,0.0,0.0,0.0,0.0,0.0,0.0,0.0,0.0
2026-01-13,16950,17020,16560,17010,542425,1.9173157579388855,0.0,0.0,0.0,0.0,0.0,0.0,0.0,0.0,0.0
2026-01-12,16600,17050,16230,16690,592648,0.6027727546714888,0.0,0.0,0.0,0.0,0.0,0.0,0.0,0.0,0.0
2026-01-09,15900,16750,15810,16590,730790,5.0,0.0,0.0,0.0,0.0,0.0,0.0,0.0,0.0,0.0
2026-01-08,15580,15950,15360,15800,550355,1.607717041800643,0.0,0.0,0.0,0.0,0.0,0.0,0.0,0.0,0.0
2026-01-07,15850,15890,15390,15550,554584,-2.20125786163522,0.0,0.0,0.0,0.0,0.0,0.0,0.0,0.0,0.0
2026-01-06,16540,16540,15830,15900,589006,-3.2846715328467155,0.0,0.0,0.0,0.0,0.0,0.0,0.0,0.0,0.0
2026-01-05,16890,16890,16250,16440,571872,-1.3205282112845138,0.0,0.0,0.0,0.0,0.0,0.0,0.0,0.0,0.0
2026-01-02,16720,16950,16370,16660,368777,0.6646525679758308,0.0,0.0,0.0,0.0,0.0,0.0,0.0,0.0,0.0
2025-12-30,16310,16590,16150,16550,515479,1.1613691931540342,0.0,0.0,0.0,0.0,0.0,0.0,0.0,0.0,0.0
2025-12-29,16010,16370,15910,16360,389260,1.2376237623762376,0.0,0.0,0.0,0.0,0.0,0.0,0.0,0.0,0.0
2025-12-26,16440,16450,16110,16160,560243,-1.6433353621424225,0.0,0.0,0.0,0.0,0.0,0.0,0.0,0.0,0.0
2025-12-24,16500,16600,16300,16430,408237,0.1829268292682927,0.0,0.0,0.0,0.0,0.0,0.0,0.0,0.0,0.0
2025-12-23,16980,17030,16320,16400,921472,-3.415783274440518,0.0,0.0,0.0,0.0,0.0,0.0,0.0,0.0,0.0
2025-12-22,16780,16990,16650,16980,500050,1.2522361359570662,-21524.0,-8054.0,-80059.0,109637.0,0.0,39664.0,7.929999828338623,112891.0,0.1199999973177909
2025-12-19,16720,16890,16560,16770,423207,1.513317191283293,38446.0,1242.0,-97710.0,58022.0,0.0,10298.0,2.430000066757202,146711.0,0.1599999964237213
2025-12-18,16200,16570,16020,16520,737989,1.5990159901599017,0.0,0.0,0.0,0.0,0.0,0.0,0.0,0.0,0.0
2025-12-17,16590,16880,15570,16260,2842431,-6.979405034324943,0.0,0.0,0.0,0.0,0.0,0.0,0.0,0.0,0.0
2025-12-16,17840,18000,17400,17480,657153,-2.888888888888889,0.0,0.0,0.0,0.0,0.0,0.0,0.0,0.0,0.0
2025-12-15,17890,18190,17580,18000,666022,-0.4975124378109453,41196.0,84323.0,-25197.0,-100322.0,0.0,72930.0,10.949999809265137,79975.0,0.0900000035762786
2025-12-12,18120,18550,17670,18090,1217282,1.0614525139664803,141129.0,68126.0,122864.0,-332119.0,0.0,192652.0,15.829999923706056,77268.0,0.0799999982118606
2025-12-11,17790,18170,17570,17900,2221560,1.1871113623516112,1046762.0,-173133.0,-41977.0,-831652.0,0.0,272579.0,12.270000457763672,79644.0,0.0900000035762786
2025-12-10,18050,18050,17690,17690,449258,-1.940133037694013,18701.0,7600.0,47840.0,-74141.0,0.0,55754.0,12.40999984741211,80055.0,0.0900000035762786
2025-12-09,17750,18460,17680,18040,1072279,2.2096317280453257,181824.0,-90.0,-144774.0,-36960.0,0.0,175731.0,16.389999389648438,79590.0,0.0900000035762786
2025-12-08,17480,17930,17350,17650,730358,1.088201603665521,32816.0,23875.0,-96632.0,39941.0,0.0,43035.0,5.889999866485596,77466.0,0.0799999982118606
2025-12-05,17440,17570,17120,17460,666197,0.1146788990825688,-173189.0,95466.0,18659.0,59064.0,0.0,11561.0,1.7400000095367432,78108.0,0.0799999982118606
2025-12-04,18000,18070,17260,17440,1232934,-3.057254030016676,-204552.0,-143442.0,173953.0,174041.0,0.0,22524.0,1.830000042915344,77116.0,0.0799999982118606
2025-12-03,18360,18760,17880,17990,1422485,-1.2081274025260844,78626.0,-10931.0,233670.0,-301365.0,0.0,89989.0,6.329999923706055,80337.0,0.0900000035762786
2025-12-02,18290,18700,17950,18210,1110365,0.9423503325942352,223954.0,-272.0,-28430.0,-195252.0,0.0,91627.0,8.25,107727.0,0.1199999973177909
2025-12-01,17180,18590,17110,18040,1925557,5.806451612903226,476355.0,-8085.0,-468174.0,-96.0,0.0,94172.0,4.889999866485596,258173.0,0.2800000011920929
2025-11-28,16630,17070,16410,17050,839205,3.083434099153567,184500.0,42900.0,-161985.0,-65415.0,0.0,47937.0,5.710000038146973,268195.0,0.2899999916553497
2025-11-27,16750,16990,16350,16540,1154041,-1.956135151155898,-110591.0,32308.0,-131064.0,209347.0,0.0,77951.0,6.75,305533.0,0.3300000131130218
2025-11-26,16780,16940,16580,16870,1278706,0.8368200836820083,-401461.0,95274.0,98201.0,207986.0,0.0,31961.0,2.5,307129.0,0.3300000131130218
2025-11-25,17330,17550,16670,16730,1525839,-3.2947976878612715,-150130.0,-56105.0,-114724.0,320959.0,0.0,29950.0,1.9600000381469729,307214.0,0.3300000131130218
2025-11-24,18360,18600,17300,17300,1730832,-4.367053620784964,-905.0,8663.0,108102.0,-115860.0,0.0,94677.0,5.46999979019165,307213.0,0.3300000131130218
2025-11-21,18170,18890,18070,18090,2643715,-1.684782608695652,602933.0,-1383.0,79165.0,-680715.0,0.0,160667.0,6.079999923706055,307227.0,0.3300000131130218
2025-11-20,16200,18700,16000,18400,5088024,13.65040148239654,1087998.0,-199791.0,-991429.0,103222.0,0.0,158528.0,3.119999885559082,290947.0,0.3100000023841858
2025-11-19,16530,16790,15930,16190,1845188,0.5590062111801243,309739.0,-4085.0,173408.0,-479062.0,0.0,166823.0,9.039999961853027,285947.0,0.3100000023841858
2025-11-18,15710,16260,15590,16100,2606179,2.8753993610223643,296942.0,-2992.0,30344.0,-324294.0,0.0,175739.0,6.739999771118164,284862.0,0.3100000023841858
2025-11-17,15350,15940,15250,15650,2616621,4.963112005365526,319701.0,-179475.0,12978.0,-153204.0,0.0,166651.0,6.369999885559082,274363.0,0.3000000119209289
2025-11-14,14950,15320,14790,14910,912470,-0.8643617021276596,146022.0,8340.0,-36794.0,-117568.0,0.0,43433.0,4.760000228881836,280155.0,0.3000000119209289
2025-11-13,14980,15470,14950,15040,1557207,0.1998667554963357,-55292.0,85469.0,-55317.0,25140.0,0.0,75009.0,4.820000171661377,280025.0,0.3000000119209289
2025-11-12,14610,15040,14550,15010,1767249,2.808219178082192,-3378.0,-26577.0,-253060.0,283015.0,0.0,930.0,0.050000000745058,280969.0,0.3000000119209289
2025-11-11,16700,16700,14110,14600,7825506,-15.066899360093078,-741296.0,54833.0,2412713.0,-1726250.0,0.0,457907.0,5.849999904632568,281508.0,0.3000000119209289
2025-11-10,16870,17290,16750,17190,802049,2.321428571428572,-104768.0,-14776.0,-95125.0,214669.0,0.0,10825.0,1.350000023841858,393364.0,0.4300000071525574
2025-11-07,17150,17430,16560,16800,1339766,-3.1141868512110724,-205920.0,-205435.0,-154892.0,566247.0,0.0,22891.0,1.7100000381469729,393396.0,0.4300000071525574
2025-11-06,17230,17610,16940,17340,1555884,1.6412661195779603,-71940.0,-239013.0,-45971.0,356924.0,0.0,11918.0,0.7699999809265137,408740.0,0.4399999976158142
2025-11-05,18810,18900,17000,17060,2056396,-9.013333333333334,-143412.0,-34843.0,71605.0,106650.0,0.0,137859.0,6.699999809265137,412741.0,0.449999988079071
2025-11-04,18390,18820,18090,18750,1381669,2.013057671381937,98717.0,-146145.0,-237229.0,284657.0,0.0,108856.0,7.880000114440918,434189.0,0.4699999988079071
2025-11-03,18620,19070,18170,18380,1397951,-0.5949161709031909,-168831.0,-295717.0,76754.0,387794.0,0.0,31940.0,2.2799999713897705,442662.0,0.4799999892711639
2025-10-31,18410,18850,18200,18490,832230,0.0,-75768.0,-98521.0,2985.0,171304.0,0.0,42505.0,5.110000133514404,437592.0,0.4699999988079071
2025-10-30,18660,18820,18350,18490,740718,-1.2813667912439934,-183500.0,-8198.0,-67501.0,259199.0,0.0,17179.0,2.319999933242798,438096.0,0.4699999988079071
2025-10-29,19230,19240,18540,18730,854440,-2.346193952033368,-64240.0,97210.0,18974.0,-51944.0,0.0,60910.0,7.130000114440918,439396.0,0.4799999892711639
2025-10-28,19090,19300,18780,19180,797022,1.0005265929436546,-11714.0,-17150.0,-16235.0,45099.0,0.0,26750.0,3.359999895095825,421247.0,0.4600000083446502
2025-10-27,18860,19100,18570,18990,921540,0.6359300476947536,-137351.0,-62806.0,-137146.0,337303.0,0.0,41788.0,4.53000020980835,414054.0,0.449999988079071
2025-10-24,19000,19060,18660,18870,710686,0.0530222693531283,-162396.0,31592.0,-128986.0,259790.0,0.0,17894.0,2.5199999809265137,392469.0,0.4199999868869781
2025-10-23,19190,19240,18780,18860,891167,-1.8219677251431543,-158914.0,-53174.0,-18142.0,230230.0,0.0,30973.0,3.4800000190734863,394768.0,0.4300000071525574
2025-10-22,19230,19410,19040,19210,635822,-0.1040041601664066,69855.0,-23804.0,83365.0,-129416.0,0.0,19386.0,3.049999952316284,417487.0,0.449999988079071
2025-10-21,19510,19870,19090,19230,968168,-1.2833675564681724,-156039.0,122.0,193174.0,-37257.0,0.0,32945.0,3.400000095367432,426166.0,0.4600000083446502
2025-10-20,18880,19580,18500,19480,1065961,3.342175066312997,168742.0,3530.0,-189445.0,17173.0,0.0,29061.0,2.7300000190734863,474835.0,0.5099999904632568
2025-10-17,18880,19550,18790,18850,972534,-0.1588983050847457,-109609.0,-4433.0,-116072.0,230114.0,0.0,111956.0,11.510000228881836,488162.0,0.5299999713897705
2025-10-16,19210,19460,18880,18880,746415,-1.717855283706403,-25907.0,7619.0,85710.0,-67422.0,0.0,59795.0,8.010000228881836,448377.0,0.4900000095367431
2025-10-15,18850,19440,18430,19210,1320878,1.909814323607427,173832.0,33527.0,149907.0,-357266.0,0.0,37351.0,2.8299999237060547,439198.0,0.4799999892711639
2025-10-14,19100,19290,18530,18850,1748651,-2.1287642782969884,-372082.0,2835.0,-325459.0,694706.0,0.0,47298.0,2.700000047683716,435246.0,0.4699999988079071
2025-10-13,19210,19910,19100,19260,1302677,-2.727272727272727,-290889.0,-64740.0,-12007.0,367636.0,0.0,43904.0,3.369999885559082,511651.0,0.550000011920929
2025-10-10,20500,20650,18860,19800,4276681,-7.259953161592506,-157672.0,1098922.0,25075.0,-966325.0,0.0,118676.0,2.7699999809265137,505301.0,0.550000011920929
2025-10-02,21150,21450,20650,21350,1260007,1.909307875894988,-105410.0,-70831.0,40803.0,135438.0,0.0,17776.0,1.409999966621399,418095.0,0.449999988079071
2025-10-01,21150,21300,20550,20950,904188,-0.7109004739336493,73200.0,-94762.0,-71903.0,93465.0,0.0,17605.0,1.950000047683716,427694.0,0.4600000083446502
2025-09-30,21000,21350,20700,21100,819066,0.9569377990430622,102204.0,6718.0,-31009.0,-77913.0,0.0,28824.0,3.5199999809265137,419035.0,0.449999988079071
2025-09-29,21350,22100,20600,20900,1541366,-1.182033096926714,87615.0,-472645.0,303164.0,81866.0,0.0,51944.0,3.369999885559082,539378.0,0.5799999833106995
2025-09-26,21450,21600,20950,21150,878527,-0.936768149882904,43306.0,-1366.0,49579.0,-91519.0,0.0,31529.0,3.5899999141693115,524549.0,0.5699999928474426
2025-09-25,22300,22500,21100,21350,1359427,-3.828828828828829,-4128.0,1263.0,10993.0,-8128.0,0.0,11606.0,0.8500000238418579,520495.0,0.5600000023841858
2025-09-24,23900,23900,21950,22200,3232536,-6.13107822410148,202605.0,-1108989.0,789041.0,117343.0,0.0,85602.0,2.650000095367432,489814.0,0.5299999713897705
2025-09-23,22350,24000,22250,23650,2950724,5.111111111111112,202311.0,109220.0,-319948.0,8417.0,0.0,76377.0,2.5899999141693115,453165.0,0.4900000095367431
2025-09-22,22900,23250,22300,22500,1210863,-1.7467248908296942,-68876.0,245323.0,-42534.0,-133913.0,0.0,112629.0,9.300000190734863,463646.0,0.5
2025-09-19,22700,22975,22150,22900,1578555,0.881057268722467,98724.0,282794.0,-93293.0,-288225.0,0.0,55855.0,3.539999961853028,389938.0,0.4199999868869781
2025-09-18,22750,22800,21700,22700,3543229,0.2207505518763796,264998.0,54445.0,639358.0,-958801.0,0.0,112134.0,3.1600000858306885,369342.0,0.4000000059604645
2025-09-17,21300,23400,21250,22650,6070820,6.338028169014084,456022.0,124312.0,-1088614.0,508280.0,0.0,148211.0,2.440000057220459,367021.0,0.4000000059604645
2025-09-16,21050,21400,20450,21300,963767,1.187648456057007,-48766.0,133969.0,-213938.0,128735.0,0.0,40478.0,4.199999809265137,316858.0,0.3400000035762787
2025-09-15,21450,21500,20150,21050,2776622,-1.6355140186915886,-18095.0,-497822.0,393790.0,122127.0,0.0,29301.0,1.059999942779541,316755.0,0.3400000035762787
2025-09-12,21550,21950,21200,21400,890415,0.234192037470726,57906.0,-177054.0,12276.0,106872.0,0.0,40497.0,4.550000190734863,337257.0,0.3700000047683716
2025-09-11,21750,21750,21200,21350,735849,-0.9280742459396752,46452.0,2587.0,98590.0,-147629.0,0.0,44980.0,6.110000133514404,318710.0,0.3499999940395355
2025-09-10,21550,22100,21150,21550,1047433,0.4662004662004662,194842.0,-154462.0,-125959.0,85579.0,0.0,60730.0,5.800000190734863,340071.0,0.3700000047683716
2025-09-09,21750,21900,21100,21450,875082,-0.9237875288683602,68681.0,40907.0,78464.0,-188052.0,0.0,82933.0,9.479999542236328,340069.0,0.3700000047683716
2025-09-08,20900,21650,20500,21650,1097208,4.5893719806763285,159482.0,4792.0,-166607.0,2333.0,0.0,76262.0,6.949999809265137,318641.0,0.3499999940395355
2025-09-05,21300,21500,20600,20700,675545,-2.127659574468085,21843.0,6714.0,118022.0,-146579.0,0.0,27054.0,4.0,330696.0,0.3600000143051147
2025-09-04,21250,21800,20800,21150,1480640,0.2369668246445497,142596.0,86516.0,149423.0,-378535.0,0.0,107037.0,7.230000019073486,445106.0,0.4799999892711639
2025-09-03,19600,21200,19600,21100,2299116,8.371854134566,296051.0,17531.0,-435260.0,121678.0,0.0,129288.0,5.619999885559082,426296.0,0.4600000083446502
2025-09-02,20600,21100,19470,19470,1620243,-5.714285714285714,-267690.0,52543.0,192937.0,22210.0,0.0,61596.0,3.799999952316284,414960.0,0.449999988079071
2025-09-01,21000,21200,20500,20650,634504,-1.6666666666666667,65078.0,62069.0,30286.0,-157433.0,0.0,15771.0,2.490000009536743,414960.0,0.449999988079071
2025-08-29,20450,21150,20250,21000,706036,2.941176470588235,174276.0,110969.0,-164947.0,-120298.0,0.0,37281.0,3.9700000286102295,414304.0,0.449999988079071
2025-08-28,20100,20550,20000,20400,453326,-0.4878048780487805,46895.0,47490.0,-39402.0,-54983.0,0.0,61746.0,9.829999923706056,396162.0,0.4300000071525574
2025-08-27,21200,21525,20250,20500,967379,-1.6786570743405276,-48611.0,-96089.0,150430.0,-5730.0,0.0,81033.0,6.0,352390.0,0.3899999856948852
2025-08-26,20650,21550,20600,20850,1532311,1.45985401459854,296795.0,-238375.0,-94053.0,35633.0,0.0,16546.0,0.7900000214576721,305161.0,0.3300000131130218
2025-08-25,20600,20900,20350,20550,427954,-0.2427184466019417,-18128.0,66842.0,-30922.0,-17792.0,0.0,4155.0,0.6700000166893005,314149.0,0.3400000035762787
2025-08-22,20950,21000,20450,20600,431744,-0.9615384615384616,20360.0,23946.0,-36703.0,-7603.0,0.0,24062.0,3.930000066757202,316466.0,0.3499999940395355
2025-08-21,21000,21300,20550,20800,687958,0.2409638554216867,218493.0,65223.0,-138092.0,-145624.0,0.0,24241.0,2.4600000381469727,311639.0,0.3400000035762787
2025-08-20,20000,20950,19860,20750,1016729,2.2167487684729066,169771.0,46721.0,-53532.0,-162960.0,0.0,39026.0,2.869999885559082,301985.0,0.3300000131130218
2025-08-19,20150,20550,19520,20300,1304056,-1.694915254237288,115948.0,206483.0,-259525.0,-62906.0,0.0,33902.0,1.7400000095367432,300985.0,0.3300000131130218
2025-08-18,20300,21000,20300,20650,985535,0.7317073170731708,136523.0,-228960.0,-60798.0,153235.0,0.0,104264.0,7.96999979019165,300985.0,0.3300000131130218
2025-08-14,21250,21450,20500,20500,828591,-4.205607476635514,74852.0,-78865.0,-171098.0,175111.0,0.0,28582.0,2.309999942779541,226073.0,0.25
2025-08-13,21500,21950,20350,21400,1064823,-0.6960556844547563,-23046.0,95579.0,-190480.0,117947.0,0.0,33629.0,2.1700000762939453,213911.0,0.2300000041723251
2025-08-12,21450,21850,21100,21550,736964,0.0,97182.0,55929.0,-191391.0,38280.0,0.0,11972.0,1.0800000429153442,212911.0,0.2300000041723251
2025-08-11,21550,21750,21250,21550,926941,-0.4618937644341801,166134.0,89119.0,-74763.0,-180490.0,0.0,60139.0,4.360000133514404,212611.0,0.2300000041723251
2025-08-08,19750,22600,19690,21650,5778587,11.025641025641026,781040.0,-498103.0,-1534246.0,1251309.0,0.0,98872.0,1.0499999523162842,188303.0,0.209999993443489
2025-08-07,19300,19670,19000,19500,1527534,3.4482758620689653,430323.0,-1247.0,-266872.0,-162204.0,0.0,40124.0,1.8899999856948853,207615.0,0.2300000041723251
2025-08-06,18320,18900,18260,18850,1127463,2.893013100436681,66307.0,-7951.0,125664.0,-184020.0,0.0,34540.0,2.150000095367432,257915.0,0.2800000011920929
2025-08-05,18350,18670,17940,18320,671963,0.5488474204171241,-7385.0,111350.0,69602.0,-173567.0,0.0,13312.0,1.1200000047683716,256915.0,0.2800000011920929
2025-08-04,17700,18620,17700,18220,876860,2.8216704288939054,96672.0,-97672.0,9463.0,-8463.0,0.0,9623.0,0.7099999785423279,256915.0,0.2800000011920929
2025-08-01,17900,17900,17460,17720,616450,-2.153506350082828,-49936.0,101131.0,-55759.0,4564.0,0.0,46911.0,5.150000095367432,274444.0,0.3000000119209289
2025-07-31,17550,18240,17480,18110,1017660,3.663423010875787,237202.0,-107209.0,10337.0,-140330.0,0.0,24872.0,1.7100000381469729,253061.0,0.2800000011920929
2025-07-30,17820,17820,17090,17470,1572244,-2.0190689848569825,-188541.0,4472.0,-582901.0,766970.0,0.0,10150.0,0.5199999809265137,284344.0,0.3100000023841858
2025-07-29,18180,18210,17350,17830,1334091,-3.203040173724213,-187179.0,-19662.0,-363982.0,570823.0,0.0,64319.0,3.630000114440918,344467.0,0.3799999952316284
2025-07-28,18450,18870,18190,18420,994423,-0.2707092582566324,-247542.0,95527.0,-242116.0,394131.0,0.0,125518.0,9.779999732971191,358216.0,0.3899999856948852
2025-07-25,19110,19450,18150,18470,1205496,-3.7519541427827,-256626.0,89048.0,-237516.0,405094.0,0.0,71694.0,4.559999942779541,391010.0,0.4300000071525574
2025-07-24,19490,19570,18950,19190,709610,-1.58974358974359,-31951.0,64169.0,-142453.0,110235.0,0.0,73009.0,7.550000190734863,378873.0,0.4199999868869781
2025-07-23,19720,19790,18750,19500,888631,0.0,-2637.0,25913.0,-280700.0,257424.0,0.0,31574.0,2.5899999141693115,307692.0,0.3400000035762787
2025-07-22,19420,19930,18950,19500,1185980,0.9316770186335404,-95760.0,-145939.0,-83684.0,325383.0,0.0,20630.0,1.1399999856948853,227369.0,0.25
2025-07-21,19100,19480,18900,19320,778158,1.4173228346456692,-105825.0,76883.0,-76078.0,105020.0,0.0,23458.0,2.109999895095825,301824.0,0.3300000131130218
2025-07-18,19100,19710,18600,19050,1230226,0.5277044854881267,183231.0,43753.0,-103082.0,-123902.0,0.0,31437.0,1.850000023841858,303048.0,0.3300000131130218
2025-07-17,18500,18950,18300,18950,873150,1.991388589881593,-104388.0,70338.0,-231851.0,265901.0,0.0,11795.0,0.9300000071525574,308960.0,0.3400000035762787
2025-07-16,18900,19250,18570,18580,852631,-0.588550026752274,-4001.0,-51512.0,-63721.0,119234.0,0.0,29493.0,2.3399999141693115,322567.0,0.3499999940395355
2025-07-15,18480,18940,18350,18690,634117,0.5379236148466917,80900.0,-136104.0,-157649.0,212853.0,0.0,21135.0,2.569999933242798,322160.0,0.3499999940395355
2025-07-14,18940,18950,18340,18590,757940,-1.0117145899893505,-77962.0,-128393.0,114338.0,92017.0,0.0,71395.0,6.800000190734863,339360.0,0.3700000047683716
2025-07-11,18460,18950,17980,18780,1250996,2.065217391304348,125322.0,-39843.0,-198095.0,112616.0,0.0,55760.0,3.2300000190734863,272248.0,0.3000000119209289
2025-07-10,17970,18680,17760,18400,1187194,2.2222222222222223,100016.0,15731.0,-179676.0,63929.0,0.0,53146.0,3.25,250138.0,0.270000010728836
2025-07-09,17800,18120,17450,18000,1101329,1.2373453318335208,-130455.0,3501.0,-105224.0,232178.0,0.0,52949.0,3.509999990463257,234857.0,0.2599999904632568
2025-07-08,16570,17810,16560,17780,1961269,5.896366885050625,122093.0,-184728.0,-155796.0,218431.0,0.0,146543.0,5.150000095367432,216598.0,0.2399999946355819
2025-07-07,16200,16940,16130,16790,1704754,4.80649188514357,317693.0,14440.0,-379942.0,47809.0,0.0,67702.0,2.890000104904175,150271.0,0.1599999964237213
2025-07-04,15560,16210,15310,16020,1540664,2.956298200514139,248577.0,-513941.0,-130567.0,395931.0,0.0,11851.0,0.5699999928474426,120088.0,0.1299999952316284
2025-07-03,15380,16330,15250,15560,1943326,3.1146454605699136,460025.0,-196742.0,-741266.0,477983.0,0.0,45946.0,1.7100000381469729,260471.0,0.2800000011920929
2025-07-02,14800,15230,14660,15090,434059,2.9331514324693044,39103.0,35779.0,-175258.0,100376.0,0.0,27369.0,4.590000152587891,403114.0,0.4399999976158142
2025-07-01,15310,15330,14590,14660,756330,-3.994760969220694,-117888.0,29275.0,120419.0,-31806.0,0.0,32630.0,3.130000114440918,426311.0,0.4600000083446502
2025-06-30,15000,15370,15000,15270,399964,1.7999999999999998,51805.0,20731.0,-74783.0,2247.0,0.0,8778.0,1.440000057220459,421481.0,0.4600000083446502
2025-06-27,14930,15020,14600,15000,339001,0.2004008016032064,-18811.0,111539.0,-43669.0,-49059.0,0.0,19780.0,4.050000190734863,390237.0,0.4300000071525574
2025-06-26,15080,15080,14550,14970,356744,0.1337792642140468,4062.0,119346.0,-60584.0,-62824.0,0.0,34307.0,6.289999961853027,340682.0,0.3700000047683716
2025-06-25,14890,15040,14730,14950,504436,0.6056527590847914,3654.0,77366.0,-118465.0,37445.0,0.0,35431.0,5.079999923706055,320488.0,0.3499999940395355
2025-06-24,14650,15000,14330,14860,639303,2.200825309491059,-1182.0,64764.0,-133159.0,69577.0,0.0,13351.0,1.4800000190734863,321651.0,0.3499999940395355
2025-06-23,14270,14550,14060,14540,525403,0.0,15161.0,33301.0,-40453.0,-8009.0,0.0,65276.0,8.800000190734863,349252.0,0.3799999952316284
2025-06-20,14590,14590,14260,14540,579539,-0.6151742993848257,-8980.0,32135.0,98766.0,-121921.0,0.0,22403.0,2.8499999046325684,351721.0,0.3799999952316284
2025-06-19,14420,14680,14320,14630,1475135,3.6853295535081503,252341.0,-243180.0,-101925.0,92764.0,0.0,33204.0,1.590000033378601,378020.0,0.4099999964237213
2025-06-18,13730,14220,13650,14110,895503,3.36996336996337,113974.0,-232855.0,-177293.0,296174.0,0.0,71260.0,6.210000038146973,429149.0,0.4699999988079071
2025-06-17,13830,13940,13430,13650,432638,-0.5102040816326531,3299.0,-177711.0,13515.0,160897.0,0.0,8665.0,1.3799999952316284,454252.0,0.4900000095367431
2025-06-16,13600,13860,13500,13720,289590,0.9565857247976454,-30843.0,-78818.0,31835.0,77826.0,0.0,8923.0,2.0799999237060547,523243.0,0.5699999928474426
2025-06-13,14050,14190,13450,13590,368799,-2.928571428571429,-28093.0,2978.0,-10086.0,35201.0,0.0,21347.0,3.9600000381469727,585794.0,0.6399999856948853
2025-06-12,13900,14300,13880,14000,415078,1.083032490974729,37462.0,4812.0,-83290.0,41016.0,0.0,25695.0,4.21999979019165,596539.0,0.6499999761581421
2025-06-11,14000,14010,13680,13850,246319,-0.2161383285302593,-6573.0,7341.0,32700.0,-33468.0,0.0,36403.0,11.210000038146973,626088.0,0.6800000071525574
2025-06-10,13850,13930,13620,13880,318347,-0.0719942404607631,23510.0,-28663.0,108460.0,-103307.0,0.0,40503.0,8.449999809265137,628330.0,0.6800000071525574
2025-06-09,13640,14040,13600,13890,845671,3.041543026706232,135829.0,-182917.0,-90941.0,138029.0,0.0,36740.0,3.430000066757202,579964.0,0.6299999952316284
2025-06-05,13110,13570,12980,13480,659915,2.043906131718395,-26344.0,148598.0,11357.0,-133611.0,0.0,56556.0,6.429999828338623,729556.0,0.7900000214576721
2025-06-04,13020,13430,12970,13210,572714,3.12256049960968,125078.0,-70697.0,-144233.0,89852.0,0.0,33175.0,4.239999771118164,667207.0,0.7300000190734863
2025-06-02,12550,12990,12410,12810,595984,2.0717131474103585,220019.0,-114462.0,3893.0,-109450.0,0.0,83903.0,10.989999771118164,670202.0,0.7300000190734863
2025-05-30,12650,12730,12430,12550,399970,-0.7120253164556962,-11161.0,-49750.0,64525.0,-3614.0,0.0,61483.0,11.279999732971191,592626.0,0.6499999761581421
2025-05-29,13030,13100,12590,12640,745445,-2.8439661798616447,-222925.0,-167917.0,146267.0,244575.0,0.0,45544.0,4.550000190734863,621462.0,0.6800000071525574
2025-05-28,13340,13490,12970,13010,349612,-2.033132530120482,-56214.0,-48015.0,44415.0,59814.0,0.0,16386.0,3.359999895095825,758011.0,0.8299999833106995
2025-05-27,13150,13380,13130,13280,219080,1.2195121951219512,-35909.0,-812.0,13796.0,22925.0,0.0,1217.0,0.4000000059604645,800781.0,0.8700000047683716
2025-05-26,13200,13300,12860,13120,542352,-0.8314436885865457,3340.0,-178875.0,7702.0,167833.0,0.0,51601.0,6.940000057220459,811944.0,0.8799999952316284
2025-05-23,13410,13580,13210,13230,396257,-2.3616236162361623,-104065.0,-30251.0,11332.0,122984.0,0.0,12954.0,2.490000009536743,915293.0,1.0
2025-05-22,13360,13810,13300,13550,391138,0.7434944237918215,80864.0,32003.0,-70218.0,-42649.0,0.0,52364.0,8.720000267028809,992638.0,1.0800000429153442
2025-05-21,13540,13700,13320,13450,313066,-0.7380073800738007,85096.0,18119.0,21438.0,-124653.0,0.0,61763.0,14.5,965392.0,1.0499999523162842
2025-05-20,13400,13550,13070,13550,349672,1.49812734082397,83429.0,24533.0,-58340.0,-49622.0,0.0,37775.0,6.889999866485596,890359.0,0.9700000286102296
2025-05-19,13080,13520,13060,13350,366912,1.2130401819560273,75125.0,37190.0,-79837.0,-32478.0,0.0,51032.0,9.960000038146973,861556.0,0.9399999976158142
2025-05-16,13130,13230,13000,13190,366520,0.9181331293037492,174250.0,-13535.0,-69585.0,-91130.0,0.0,47821.0,9.06999969482422,807440.0,0.8799999952316284
2025-05-15,12900,13190,12810,13070,391351,1.317829457364341,134034.0,20998.0,-106400.0,-48632.0,0.0,41729.0,7.789999961853027,768200.0,0.8399999737739563
2025-05-14,12750,12980,12750,12900,357710,1.2558869701726845,24833.0,47956.0,-92375.0,19586.0,0.0,42018.0,8.75,737266.0,0.800000011920929
2025-05-13,12570,12800,12420,12740,319886,2.00160128102482,55240.0,44653.0,-106217.0,6324.0,0.0,17360.0,3.559999942779541,738750.0,0.800000011920929
2025-05-12,12470,12500,12310,12490,181092,0.0801282051282051,59399.0,17971.0,-45529.0,-31841.0,0.0,15986.0,5.940000057220459,768944.0,0.8399999737739563
2025-05-09,12410,12490,12350,12480,186974,0.6451612903225806,59836.0,27778.0,-62119.0,-25495.0,0.0,14901.0,5.489999771118164,744019.0,0.8100000023841858
2025-05-08,12350,12420,12290,12400,97574,0.1615508885298869,18334.0,23253.0,-33022.0,-8565.0,0.0,622.0,0.4300000071525574,731110.0,0.800000011920929
2025-05-07,12200,12400,12040,12380,192638,0.1618122977346278,45453.0,18356.0,-88696.0,24887.0,0.0,3085.0,1.1699999570846558,736008.0,0.800000011920929
2025-05-02,12380,12380,12220,12360,128299,0.0809716599190283,45468.0,737.0,-27855.0,-18350.0,0.0,18909.0,10.890000343322754,754729.0,0.8199999928474426
2025-04-30,12310,12530,12280,12350,247818,0.16220600162206,43560.0,21486.0,-34418.0,-30628.0,0.0,11640.0,2.900000095367432,724873.0,0.7900000214576721
2025-04-29,12300,12370,12160,12330,236351,0.5709624796084829,-13004.0,30323.0,-3842.0,-13477.0,0.0,30941.0,9.640000343322754,726191.0,0.7900000214576721
2025-04-28,12050,12340,11980,12260,365125,1.9118869492934327,127492.0,34001.0,-124245.0,-37248.0,0.0,59703.0,12.25,720135.0,0.7799999713897705
2025-04-25,11960,12060,11720,12030,248287,0.1665278934221482,-56550.0,57490.0,-46516.0,45576.0,0.0,2424.0,0.7300000190734863,689694.0,0.75
2025-04-24,12220,12220,11910,12010,222746,-2.1189894050529747,-31697.0,32554.0,-19668.0,18811.0,0.0,5593.0,1.7799999713897705,716968.0,0.7799999713897705
2025-04-23,12330,12350,12000,12270,321931,0.0815660685154975,-21764.0,49083.0,-60215.0,32896.0,0.0,9273.0,2.1700000762939453,741055.0,0.8100000023841858
2025-04-22,12180,12400,12160,12260,293694,0.0,77990.0,20689.0,-35315.0,-63364.0,0.0,28993.0,7.929999828338623,767532.0,0.8399999737739563
2025-04-21,12230,12390,12100,12260,303330,0.9884678747940692,53347.0,34989.0,-48490.0,-39846.0,0.0,45618.0,10.4399995803833,746498.0,0.8100000023841858
2025-04-18,12200,12320,12080,12140,301656,-0.3284072249589491,73566.0,-8575.0,-38422.0,-26569.0,0.0,88790.0,23.709999084472656,732767.0,0.800000011920929
2025-04-17,12140,12410,11940,12180,468739,1.2468827930174564,158765.0,15309.0,-99276.0,-74798.0,0.0,43701.0,7.269999980926514,703952.0,0.7699999809265137
2025-04-16,11990,12200,11950,12030,368285,0.25,140099.0,27926.0,-111260.0,-56765.0,0.0,24174.0,4.710000038146973,652182.0,0.7099999785423279
2025-04-15,11680,12100,11610,12000,548693,3.09278350515464,207855.0,18099.0,-231853.0,5899.0,0.0,21831.0,2.9800000190734863,638087.0,0.699999988079071
2025-04-14,11580,11700,11450,11640,267685,0.9540329575021684,130424.0,16148.0,-104175.0,-42397.0,0.0,16132.0,4.519999980926514,642120.0,0.699999988079071
2025-04-11,11380,11620,11300,11530,260180,0.9632224168126094,22814.0,8211.0,-70594.0,39569.0,0.0,10544.0,3.0899999141693115,637373.0,0.6899999976158142
2025-04-10,11590,11610,11320,11420,267575,1.873327386262266,1164.0,-4786.0,-30078.0,33700.0,0.0,31702.0,8.489999771118164,662670.0,0.7200000286102295
2025-04-09,11480,11540,11120,11210,293151,-3.027681660899654,54719.0,0.0,20850.0,-75569.0,0.0,40354.0,10.359999656677246,676404.0,0.7400000095367432
2025-04-08,11230,11640,11160,11560,461603,3.956834532374101,184320.0,1793.0,-157220.0,-28893.0,0.0,24860.0,3.950000047683716,653218.0,0.7099999785423279
2025-04-07,11390,11450,11010,11120,482447,-3.889369057908384,99218.0,14119.0,4442.0,-117779.0,0.0,21660.0,3.380000114440918,642472.0,0.699999988079071
2025-04-04,10900,11570,10900,11570,719525,4.5167118337850045,202291.0,-73205.0,-351339.0,222253.0,0.0,6688.0,0.699999988079071,624676.0,0.6800000071525574
2025-04-03,10690,11160,10630,11070,259079,2.21606648199446,92053.0,3124.0,-70637.0,-24540.0,0.0,14693.0,4.489999771118164,685874.0,0.75
2025-04-02,11200,11210,10820,10830,221219,-2.8699551569506725,25057.0,16306.0,58310.0,-99673.0,0.0,54089.0,19.600000381469727,666834.0,0.7300000190734863
2025-04-01,10970,11200,10960,11150,284806,2.012808783165599,45410.0,19968.0,-66879.0,1501.0,0.0,22484.0,5.940000057220459,632011.0,0.6899999976158142
2025-03-31,11000,11040,10730,10930,287737,-0.6363636363636364,92751.0,16723.0,-60486.0,-48988.0,0.0,9746.0,2.5799999237060547,614534.0,0.6700000166893005
2025-03-28,10930,11000,10720,11000,294226,1.3824884792626728,21287.0,3386.0,-983.0,-23690.0,0.0,3602.0,1.2200000286102295,604349.0,0.6600000262260437
2025-03-27,10840,10920,10600,10850,174075,0.092250922509225,25772.0,14235.0,4597.0,-44604.0,0.0,127.0,0.0700000002980232,592121.0,0.6499999761581421
2025-03-26,10750,10930,10680,10840,225241,0.7434944237918215,26487.0,17750.0,-65110.0,20873.0,0.0,900.0,0.4000000059604645,586397.0,0.6399999856948853
2025-03-25,10770,10840,10570,10760,258852,0.4668534080298786,49220.0,9353.0,53562.0,-112135.0,0.0,0.0,0.0,576982.0,0.6299999952316284
2025-03-24,10870,10980,10700,10710,365736,-0.7414272474513438,42538.0,-92204.0,141251.0,-91585.0,0.0,2.0,0.0,554829.0,0.6000000238418579
2025-03-21,10680,11080,10650,10790,1058520,2.2748815165876777,76302.0,-13420.0,-197582.0,134700.0,0.0,883.0,0.0799999982118606,537415.0,0.5899999737739563
2025-03-20,10620,10700,10510,10550,176649,-0.6591337099811676,15547.0,18241.0,-11297.0,-22491.0,0.0,1230.0,0.699999988079071,607336.0,0.6600000262260437
2025-03-19,10580,10770,10520,10620,152296,0.5681818181818182,4146.0,10.0,-18815.0,14659.0,0.0,1056.0,0.6899999976158142,631767.0,0.6899999976158142
2025-03-18,10540,10580,10470,10560,136215,0.3802281368821292,12317.0,13003.0,-39741.0,14421.0,0.0,888.0,0.6499999761581421,633658.0,0.6899999976158142
2025-03-17,10400,10540,10330,10520,195241,1.937984496124031,33241.0,8413.0,-72984.0,31330.0,0.0,1297.0,0.6600000262260437,634056.0,0.6899999976158142
2025-03-14,10230,10360,10100,10320,345083,0.1941747572815534,-74746.0,46565.0,28130.0,51.0,0.0,1464.0,0.4199999868869781,656677.0,0.7200000286102295
2025-03-13,11090,11090,10050,10300,818554,-6.533575317604355,-34307.0,10306.0,167408.0,-143407.0,0.0,41.0,0.0099999997764825,670871.0,0.7300000190734863
2025-03-12,11060,11140,10980,11020,174099,-0.3616636528028933,45437.0,6034.0,-18198.0,-33273.0,0.0,657.0,0.3799999952316284,629708.0,0.6899999976158142
2025-03-11,10780,11130,10720,11060,212639,0.7285974499089253,42220.0,1.0,-18444.0,-23777.0,0.0,1956.0,0.9200000166893004,629895.0,0.6899999976158142
2025-03-10,11110,11110,10910,10980,174285,-0.2724795640326975,31637.0,3217.0,-14702.0,-20152.0,0.0,639.0,0.3700000047683716,623395.0,0.6800000071525574
2025-03-07,10750,11130,10550,11010,432102,3.380281690140845,152249.0,-15261.0,-112523.0,-24465.0,0.0,4.0,0.0,613709.0,0.6700000166893005
2025-03-06,10790,10840,10610,10650,211427,-0.3741814780168381,28720.0,-16122.0,-39636.0,27038.0,0.0,483.0,0.2300000041723251,591229.0,0.6399999856948853
2025-03-05,10710,10890,10550,10690,258492,-0.2798507462686567,-30208.0,196.0,18247.0,11765.0,0.0,0.0,0.0,589246.0,0.6399999856948853
2025-03-04,10840,11060,10670,10720,301158,-1.7415215398716772,-8453.0,1021.0,275.0,7157.0,0.0,550.0,0.1800000071525573,580582.0,0.6299999952316284
2025-02-28,11150,11290,10900,10910,430761,-2.8495102404274264,29295.0,-27838.0,45987.0,-47444.0,0.0,48.0,0.0099999997764825,590921.0,0.6399999856948853
2025-02-27,11170,11340,11070,11230,294862,0.5371530886302597,48642.0,4150.0,-9169.0,-43623.0,0.0,164.0,0.0599999986588954,571359.0,0.6200000047683716
2025-02-26,11300,11310,11050,11170,439774,-1.1504424778761062,40318.0,5732.0,45445.0,-91495.0,0.0,1.0,0.0,537262.0,0.5899999737739563
2025-02-25,10720,11330,10650,11300,970215,5.21415270018622,285659.0,-1055.0,-353546.0,68942.0,0.0,792.0,0.0799999982118606,510878.0,0.5600000023841858
2025-02-24,10720,10830,10650,10740,262991,-1.1049723756906076,28443.0,-298.0,-7016.0,-21129.0,0.0,3.0,0.0,485309.0,0.5299999713897705
2025-02-21,10840,10930,10730,10860,368223,0.1845018450184501,35947.0,-21279.0,51233.0,-65901.0,0.0,101.0,0.0299999993294477,467047.0,0.5099999904632568
2025-02-20,10580,11120,10560,10840,1310642,4.130643611911624,93102.0,-18282.0,-158044.0,83224.0,0.0,522.0,0.0399999991059303,457043.0,0.5
2025-02-19,10420,10430,10210,10410,286355,-0.1917545541706615,28657.0,4321.0,-39985.0,7007.0,0.0,966.0,0.3400000035762787,479318.0,0.5199999809265137
2025-02-18,10500,10520,10290,10430,251370,-0.382043935052531,29551.0,5425.0,6191.0,-41167.0,0.0,52.0,0.0199999995529651,471787.0,0.5099999904632568
2025-02-17,10400,10490,10350,10470,357668,1.1594202898550725,24799.0,4260.0,-70073.0,41014.0,0.0,738.0,0.209999993443489,447276.0,0.4900000095367431
2025-02-14,10300,10400,10250,10350,255940,1.07421875,5390.0,3888.0,-11112.0,1834.0,0.0,520.0,0.2000000029802322,471686.0,0.5099999904632568
2025-02-13,10390,10390,10200,10240,353615,-0.3891050583657587,21954.0,1500.0,820.0,-24274.0,0.0,1706.0,0.4799999892711639,475017.0,0.5199999809265137
2025-02-12,10070,10280,10050,10280,415688,2.902902902902903,37945.0,0.0,-96975.0,59030.0,0.0,273.0,0.0700000002980232,470799.0,0.5099999904632568
2025-02-11,10040,10200,9980,9990,244030,-0.1,7141.0,-41228.0,22327.0,11760.0,0.0,143.0,0.0599999986588954,508710.0,0.550000011920929
2025-02-10,9940,10060,9910,10000,155980,0.8064516129032258,21221.0,2584.0,-53759.0,29954.0,0.0,148.0,0.0900000035762786,513011.0,0.5600000023841858
2025-02-07,9930,9980,9870,9920,160539,0.0,8442.0,13620.0,-16943.0,-5119.0,0.0,1319.0,0.8199999928474426,529085.0,0.5799999833106995
2025-02-06,9930,9990,9890,9920,113761,0.1009081735620585,147.0,-48.0,22588.0,-22687.0,0.0,1961.0,1.7200000286102295,522082.0,0.5699999928474426
2025-02-05,9960,10080,9910,9910,150894,-0.6018054162487462,10364.0,-59751.0,28494.0,20893.0,0.0,1409.0,0.9300000071525574,519768.0,0.5699999928474426
2025-02-04,9730,10010,9730,9970,124299,2.466598150051387,19229.0,0.0,-56254.0,37025.0,0.0,775.0,0.6200000047683716,533208.0,0.5799999833106995
2025-02-03,9870,9870,9650,9730,139121,-1.8163471241170528,19231.0,-180.0,-1612.0,-17439.0,0.0,354.0,0.25,544208.0,0.5899999737739563
2025-01-31,9980,10000,9850,9910,161842,-0.7014028056112225,-2365.0,0.0,29365.0,-27000.0,0.0,1648.0,1.0199999809265137,541604.0,0.5899999737739563
2025-01-24,9950,10080,9950,9980,119134,0.3015075376884422,12079.0,-24011.0,-3404.0,15336.0,0.0,1781.0,1.4900000095367432,523759.0,0.5699999928474426
2025-01-23,10040,10040,9940,9950,93264,-0.4004004004004003,12765.0,120.0,7473.0,-20358.0,0.0,2506.0,2.690000057220459,527406.0,0.5699999928474426
2025-01-22,10010,10090,9990,9990,126347,-0.3988035892323031,2941.0,-42465.0,28413.0,11111.0,0.0,1898.0,1.5,510479.0,0.5600000023841858
2025-01-21,10110,10190,10000,10030,131471,-0.5946481665014867,19092.0,-40435.0,24717.0,-3374.0,0.0,1682.0,1.2799999713897705,524792.0,0.5699999928474426
2025-01-20,10190,10240,10050,10090,167367,-0.7866273352999017,39347.0,-35333.0,23523.0,-27537.0,0.0,1058.0,0.6299999952316284,521655.0,0.5699999928474426
2025-01-17,10000,10190,9960,10170,254932,2.108433734939759,104715.0,-78610.0,-81940.0,55835.0,0.0,691.0,0.270000010728836,514658.0,0.5600000023841858
2025-01-16,10210,10210,9960,9960,230910,-1.5810276679841897,-23258.0,-37700.0,58991.0,1967.0,0.0,1019.0,0.4399999976158142,523914.0,0.5699999928474426
2025-01-15,10040,10240,10040,10120,330290,1.402805611222445,18353.0,-75238.0,-31442.0,88327.0,0.0,1256.0,0.3799999952316284,526142.0,0.5699999928474426
2025-01-14,9940,10040,9890,9980,88771,0.6048387096774194,16661.0,-30564.0,-7945.0,21848.0,0.0,148.0,0.1700000017881393,545576.0,0.5899999737739563
2025-01-13,9980,10070,9860,9920,97867,-0.6012024048096193,14764.0,-28137.0,27710.0,-14337.0,0.0,1205.0,1.2300000190734863,552151.0,0.6000000238418579
2025-01-10,9960,10020,9600,9980,138153,1.2170385395537524,19546.0,-16238.0,-22113.0,18805.0,0.0,418.0,0.3000000119209289,546929.0,0.6000000238418579
2025-01-09,10000,10010,9850,9860,122008,-0.8048289738430584,7946.0,-52373.0,35076.0,9351.0,0.0,834.0,0.6800000071525574,551971.0,0.6000000238418579
2025-01-08,9900,10070,9900,9940,106194,0.1007049345417925,27333.0,-31163.0,2196.0,1634.0,0.0,1227.0,1.159999966621399,564083.0,0.6100000143051147
2025-01-07,10090,10150,9880,9930,148812,-0.7000000000000001,24973.0,-29267.0,27935.0,-23641.0,0.0,477.0,0.3199999928474426,569420.0,0.6200000047683716
2025-01-06,9800,10060,9800,10000,236773,2.0408163265306123,24030.0,-70804.0,-2081.0,48855.0,0.0,742.0,0.3100000023841858,572790.0,0.6200000047683716
2025-01-03,9670,9980,9670,9800,164118,1.344364012409514,22496.0,-22909.0,-33987.0,34400.0,0.0,736.0,0.449999988079071,604511.0,0.6600000262260437
2025-01-02,9610,9740,9610,9670,74608,0.7291666666666666,15785.0,-5200.0,-1217.0,-9368.0,0.0,335.0,0.449999988079071,616728.0,0.6700000166893005
2024-12-30,9560,9750,9500,9600,100761,0.1042752867570385,22703.0,-7051.0,-36196.0,20544.0,0.0,2146.0,2.130000114440918,620478.0,0.6800000071525574
2024-12-27,9730,9790,9550,9590,103687,-1.4388489208633095,9157.0,-3.0,28670.0,-37824.0,0.0,1187.0,1.1399999856948853,641076.0,0.699999988079071
2024-12-26,9830,9890,9720,9730,142844,-0.5112474437627812,16831.0,0.0,-29859.0,13028.0,0.0,2478.0,1.7300000190734863,636078.0,0.6899999976158142
2024-12-24,9800,9900,9750,9780,98487,0.513874614594039,24277.0,-23918.0,-7743.0,7384.0,0.0,648.0,0.6600000262260437,652988.0,0.7099999785423279
2024-12-23,9690,9810,9650,9730,151707,0.5165289256198348,7497.0,-29298.0,-2248.0,24049.0,0.0,1721.0,1.1299999952316284,663573.0,0.7200000286102295
2024-12-20,9810,9870,9650,9680,159454,-1.325178389398573,14396.0,-19805.0,-7244.0,12653.0,0.0,1388.0,0.8700000047683716,697431.0,0.7599999904632568
2024-12-19,9860,9920,9800,9810,105995,-1.9,2126.0,10.0,12494.0,-14630.0,0.0,180.0,0.1700000017881393,706759.0,0.7699999809265137
2024-12-18,10100,10100,9950,10000,113434,-0.4975124378109453,-2917.0,-40083.0,54543.0,-11543.0,0.0,401.0,0.3499999940395355,708856.0,0.7699999809265137
2024-12-17,10150,10160,10020,10050,80579,-0.9852216748768472,4882.0,-280.0,21393.0,-25995.0,0.0,688.0,0.8500000238418579,724074.0,0.7900000214576721
2024-12-16,10130,10200,10080,10150,108176,1.1964107676969091,15909.0,29465.0,-55039.0,9665.0,0.0,966.0,0.8899999856948853,703693.0,0.7699999809265137
